Country,2013,2014,2015,2016,2017,2018,2019,2020,2021,2022
 Afghanistan,4710.64,4599.3578,4476.818,4432.7734,4380.2483,4264.9077,4261.2064,3984.2143,3039.1609,2645.5969
 Africa,8643.4,8689.3,8723.2,8657.8,8710.1,8752.2,8747.8,8329.5,8481,8576.8
 Albania,13910.8446,14015.6729,14183.0044,14514.3039,14936.5775,15419.3226,15629.6655,15039.3572,16361.593,17153.6549
 Algeria,15356.3118,15607.5761,15867.344,16076.8312,16011.6947,15958.5925,15893.0155,14883.4104,15186.7864,15452.9815
 Americas,37458,37678.3,38015.9,37783.7,38062.4,38476.9,38621.6,36590.8,38507.6,39096.1
 Andorra,59342.3181,60464.184,61000.5864,62385.2802,61154.8956,60655.1723,60399.3532,52418.1482,55588.319,59651.5204
 Angola,15723.328,15870.1202,15438.8551,14496.5912,13954.3017,13289.1647,12742.5707,11630.8519,11398.1292,11373.9122
 Anguilla,99454.7053,99035.2831,97967.5643,92570.8642,84622.5647,90294.0736,93346.3134,64118.7703,71148.6737,87483.6772
 Antigua and Barbuda,24852.9708,24963.281,24890.745,25489.1416,25721.8457,27133.2344,27631.3736,22128.6231,23642.5708,25607.7107
 Argentina,21071.0529,20246.4881,20507.8221,19817.6684,20122.1249,19354.9421,18736.5729,16689.3132,18292.0023,19011.4723
 Armenia,12446.3547,12898.1583,13338.4571,13409.782,14476.1455,15307.0317,16567.8084,15474.7201,16488.4653,18661.7258
 Aruba,43413.4093,42081.2187,41265.2935,41505.7974,44026.7872,44732.6665,43415.5461,32858.3392,41745.4579,45847.8019
 Asia,15098.3,15657.1,16127.8,16694.5,17320.3,17946.1,18414.4,17990.8,18992.6,19478
 Asia (excl. Middle East),13539.4,14132.1,14697.4,15329.1,16004.5,16678.6,17209.7,16843.6,17797,18285.2
 Australia,55370.2205,55797.0929,54839.4859,54258.3136,54547.0036,55163.8237,55393.3062,54376.6813,54855.5085,56533.7976
 Australia and New Zealand,53615.5,54082.7,53478,53185.5,53680.3,54285.4,54426.6,53320.5,53986.8,55509.8
 Austria,57104.9278,56870.5421,56735.8108,57216.3644,58045.3485,59094.1479,59627.1369,55451.0068,57674.6126,60306.0099
 Azerbaijan,18144.4654,18314.9004,18218.134,17397.8072,17209.4637,17267.7678,17511.7697,16643.9246,17503.8331,18185.4715
 Bahamas,43247.5738,43169.1839,42765.9311,41659.5592,41950.9709,42431.6026,41428.9846,31247.3115,36112.9955,40744.429
 Bahrain,56311.9665,56774.9776,56135.3912,55963.2102,56172.9434,56051.4979,57134.1207,55255.3107,57365.8259,59834.6854
 Bangladesh,5786.621,5994.6166,6242.3062,6532.2933,6797.7889,7128.2903,7521.0294,7607.5568,7954.3704,8337.5858
 Barbados,17948.9729,17846.5125,18182.7632,18543.7726,18525.0245,18258.7209,18198.4904,15779.3665,15555.8845,17219.5422
 Belarus,19796.6732,20168.9117,19435.7499,18992.3568,19526.8511,20195.6038,20547.0978,20506.0442,21139.9811,20251.0914
 Belgium,53842.2491,54303.365,55039.2676,55373.8026,55900.446,56545.6541,57457.4462,54149.8461,57563.241,58998.0413
 Belize,13841.2788,13893.8702,13861.8145,13413.1458,12758.9532,12500.0032,12637.4643,10605.1543,12195.0287,12947.2806
 Benin,5199.6803,5351.7145,5269.2891,5273.1443,5398.2375,5581.4517,5781.1646,5822.8193,6056.6951,6248.9291
 Bermuda,88908.8105,85511.3134,86155.6457,85523.3772,88356.6639,87671.5878,87683.1964,81438.3001,83702.9378,86000.2957
 Bhutan,13156.9862,13595.829,14183.2599,15024.4093,15409.2312,15628.6048,16203.9605,14267.5062,14615.2766,15088.6521
 Bolivia,11201.34,11533.3984,11813.4617,12035.6479,12258.9439,12495.6132,12494.6976,11177.3123,11657.1434,11872.5042
 Bosnia and Herzegovina,12702.0571,12980.3908,13665.7281,14215.6234,14780.0302,15465.7546,16057.7336,15747.958,17144.1733,18043.7029
 Botswana,21822.6112,22484.2094,20855.6501,21795.5781,22119.6124,22479.8467,22618.1806,20176.0039,22116.6,22923.4267
 Brazil,21459.2413,21221.1902,20148.5653,19189.734,19150.117,19203.8892,19160.4064,18289.7325,18985.7194,19339.4824
 British Virgin Islands,46968.295,46901.7713,46173.9092,47550.7505,46357.3885,47899.5436,50362.0813,47853.5079,48420.2864,48858.082
 Brunei Darussalam,84229.3956,80616.1633,78891.3078,75640.7051,75423.2399,74327.13,76064.5988,75776.0718,73466.842,71229.8003
 Bulgaria,19507.8905,19825.9291,20671.015,21485.9578,22288.4448,23126.3894,24282.1234,23550.8007,25709.1452,27169.2165
 Burkina Faso,3569.3953,3611.2388,3636.0977,3730.0602,3834.2523,3959.2637,4047.3274,3995.555,4138.8543,4084.4377
 Burundi,1585.6855,1605.1105,1528.893,1514.4147,1498.3399,1479.4581,1453.6094,1414.6945,1417.2043,1399.5929
 Cabo Verde,9825.7169,9633.1128,9480.214,9653.5687,9864.0123,10009.1642,10484.4446,8142.558,8450.6432,9737.365
 Cambodia,4651.7455,4863.4539,5087.5994,5333.2065,5609.0258,5928.671,6239.089,5944.7192,6026.408,6246.784
 Cameroon,6447.4678,6577.372,6698.0058,6771.9616,6803.3719,6868.2323,6894.3668,6708.2616,6733.4444,6773.9396
 Canada,50186.4812,51008.4047,50785.1311,50706.5234,51543.4944,52180.3152,52374.5975,48865.1988,51024.4399,52026.121
 Caribbean,12795,13006.5,13157.2,13202.4,13163.9,13390.1,13485.6,12431.5,13142.6,13589.3
 Cayman Islands,75721.6331,75747.5921,75873.6017,76301.1535,76722.5246,78020.6318,79170.4015,73453.7698,75278.3204,82974.4846
 Central African Republic,1593.8549,1631.756,1722.9723,1778.4839,1827.8125,1862.7749,1874.8272,1835.3763,1814.5057,1782.8537
 Central America,23823.5,23913.7,24073.4,24054,24089.2,24116.6,23726,21352.2,22442.2,23013.6
 Central Asia,10741.9,11058,11090.1,11136.2,11465.2,11816.8,12238.8,11788.3,12195.8,12464.4
 Chad,3768.4942,3878.8295,3867.436,3513.4029,3286.8229,3240.3252,3226.9716,3071.19,2933.8946,2902.9512
 Chile,27730.4688,27753.8912,27880.3098,27857.6658,27619.9325,28033.5827,27579.8375,25409.026,27992.7754,28409.2956
 China,15187.2736,16244.2754,17202.7279,18242.1527,19379.3418,20563.6358,21666.8484,22028.2689,23763.733,24360.7867
 Colombia,17821.5247,18259.1443,18439.8371,18448.6754,18241.2136,18176.316,18240.6386,16528.4963,18004.5929,19051.3406
 Comoros,5657.503,5600.7595,5493.8313,5505.7829,5542.8383,5571.9851,5505.9418,5345.1447,5319.445,5315.473
 Congo,9082.6199,9499.9305,9348.135,8355.8503,7712.2726,7359.3204,7265.0943,6644.9576,6544.8525,6467.8115
 Costa Rica,22034.964,22380.7107,22776.3883,23316.2799,23874.1435,24102.8914,24304.373,22925.193,24429.1187,25255.8846
 Cote d’Ivoire,7492.3235,8002.4608,8334.4783,8672.4253,9037.4546,9184.0039,9475.5257,9336.5448,9683.8267,10017.7432
 Croatia,3407.642,3405.0168,3505.5468,3645.5562,3785.0772,3910.7194,4064.9943,3739.737,4290.0879,4593.9165
 Cuba,24223.893,24382.3987,25379.0938,25429.9812,25815.8802,26325.107,26214.7872,23286.8357,23590.9858,24021.7233
 Curacao,29427.3065,28738.5824,28423.546,27748.2531,27095.6739,24332.8952,22322.9887,18584.5564,19154.4741,20472.5969
 Cyprus,37022.6107,36545.8337,37833.9191,39963.9672,41785.1705,43563.7243,46076.1633,44143.8534,48206.9384,50297.0026
 Czech Republic,35956.0502,36701.2118,38689.209,39729.2931,41859.5227,43292.95,44698.5874,42352.3439,44024.2294,45208.3904
 DR Congo,1874.1414,1982.2588,2046.9421,2019.8066,2021.5373,2072.5926,2099.7495,2071.304,2132.7194,2252.7168
 Denmark,57955.2034,58673.5625,59530.5376,60952.1657,62170.5599,62931.2068,63410.8187,61425.4356,65197.4474,66565.9774
 Djibouti,5707.4725,5949.7757,6233.3691,6511.392,6700.6812,6852.513,7058.836,6983.8688,7133.9058,7190.0398
 Dominica,14948.2255,15479.2481,14865.5584,15106.278,13955.2521,14284.0685,14866.8212,12226.9455,12905.7923,13492.0385
 Dominican Republic,19165.6421,20111.5601,21092.2642,22081.0745,22702.451,23879.0935,24674.3895,22629.7286,24980.5186,25779.2595
 East Africa,3920.4,4032.5,4122.9,4206.3,4275.9,4361.3,4436.7,4316.2,4408.4,4477.3
 East Asia,18614.9,19565.2,20442.3,21377.8,22451.4,23525.5,24476.1,24586.1,26255.4,26829.5
 Eastern Europe,15874.2,16390.6,17042.9,17573.1,18497.8,19380.2,20149.7,19425.2,20751.6,21083.2
 Ecuador,16734.3252,16961.0619,16573.8765,15974.685,15945.8013,15685.8484,15233.2415,13732.8798,14039.0466,14179.2768
 Egypt,15336.1293,15401.2066,15723.3536,16058.2604,16372.5381,16886.5533,17463.4738,17722.033,17951.2868,18779.3936
 El Salvador,11656.159,11667.7705,11756.2322,11859.0555,11934.5305,12039.9511,12160.039,11054.8031,12116.1901,12270.3487
 Equatorial Guinea,47873.8103,45917.3109,39949.8592,34949.2532,31704.4196,28653.8952,26163.4952,24290.5933,23885.7882,24279.4718
 Eritrea,2913.5128,3792.976,3005.0737,3197.1694,2835.1118,3135.4972,3181.2189,3088.2628,3092.3605,3088.3068
 Estonia,31864.0578,32910.0953,33548.7875,34626.9162,36646.3109,37966.0736,39318.9339,39105.701,42352.1631,41965.7274
 Ethiopia,2884.2124,3060.9996,3253.4458,3427.4933,3615.428,3722.6469,3892.2572,3984.8686,4067.0438,4141.1947
 Europe,38880.1,39454.7,40280.1,40978,42034.4,42776.6,43425.5,40624.9,43169.3,44437.2
 European Union,39103.8,39671.5,40512,41208.8,42290.7,43016.9,43662.6,40739.6,43316.9,44605
 Faroe Islands,63599.329,66924.8641,66803.7233,66494.2834,67661.3535,68537.1692,70653.2714,68286.2914,71555.7805,75165.1215
 Fiji,15338.5722,16080.8085,16699.9707,17012.4821,17833.7512,18440.3302,18274.9388,15075.7902,14229.1824,16928.9676
 Finland,49782.2327,49330.8335,49324.2419,50464.1708,51854.914,52269.9342,52722.0008,51273.1014,52597.5949,53281.2018
 France,46239.8836,46478.4468,46804.6829,47138.7487,48045.9267,48766.256,49473.8259,45575.9086,48337.8476,49325.2555
 French Polynesia,1724825.4909,1710148.8259,1715494.4022,1734758.7611,1788338.8709,1797956.8064,1821671.0829,1668037.8106,1678550.7304,1728001.7077
 Gabon,23490.6152,23563.7691,23637.9966,23407.8546,22894.1308,22518.9606,22849.8184,21917.5547,21762.3723,21916.874
 Gambia,3852.908,3678.5985,3708.6193,3663.5473,3721.1265,3866.2419,3978.498,3876.0206,3914.1738,3956.6379
 Georgia,13195.6467,13822.8165,14291.9471,14753.7442,15509.9121,16305.9014,17173.9801,16077.313,17854.9786,19855.5123
 Germany,49229.4884,50172.3601,50787.4403,51778.9156,53000.2217,53360.2273,53784.9434,51628.772,53245.0292,54260.9947
 Ghana,7733.8899,7743.3731,7705.6101,7763.5865,8182.3427,8475.4362,8804.9704,8626.3562,8834.9126,8880.3832
 Gibraltar,72194.7711,77758.1337,87567.8994,101532.2586,100391.88,117012.6002,119784.0294,115114.0774,111887.17,112336.7316
 Greece,29592.9321,29868.2219,29957.7598,29964.5668,30449.5638,31120.3126,31862.0111,29030.4403,31623.3743,33505.5029
 Greenland,55289.2403,57631.823,55936.4339,58317.4717,58127.7554,58308.6365,59839.2579,59792.8729,60322.0219,60965.0032
 Grenada,15798.1978,16730.5983,17591.6085,18043.1486,18644.88,19264.5164,19208.3616,16396.6151,17007.7362,17961.9082
 Guatemala,12617.1464,12777.5113,12907.5244,12866.9614,12883.2748,12955.8825,13118.54,12536.4967,13183.2467,13380.8942
 Guinea,3843.2749,3862.0875,3882.7231,4163.5095,4442.4479,4571.9286,4672.0668,4744.6652,4777.8874,4853.1201
 Guinea-Bissau,3181.4476,3117.4001,3210.638,3310.2407,3401.2821,3341.5591,3387.2007,3208.5689,3235.0938,3252.5124
 Guyana,16467.6923,16552.8813,16470.1934,16895.46,17321.9954,17340.8264,17801.1082,25521.0128,30205.0397,48931.0135
 Haiti,4901.795,4928.9641,4887.6553,4869.4051,4886.8775,4866.4759,4686.4729,4442.1148,4280.182,4132.5973
 Honduras,8079.2567,8063.7088,8113.4042,8172.304,8311.6074,8376.4323,8347.3854,7384.4196,8089.5071,8198.9883
 Hong Kong,56326.3501,57220.2746,57921.1192,58668.8997,60567.5272,62042.205,60846.7824,56768.7971,60364.4547,58217.6018
 Hungary,23657.232,25577.5974,26932.4034,27821.5036,29072.5427,30666.6759,32172.5515,30789.0918,33125.3408,33787.1033
 Iceland,59826.3785,59890.7564,61587.7784,64198.552,64887.9213,65782.3239,65206.7936,59374.7336,61348.0776,65243.0998
 India,7087.5294,7460.0973,7897.8465,8373.8115,8761.4088,9144.4583,9319.1617,8615.4359,9242.8095,9767.8978
 Indonesia,14581.1514,14928.5409,15071.5124,15590.4515,16135.7582,16722.2546,17314.3484,16743.1915,17179.9827,17914.2621
 Iran,17287.506,17794.5733,17228.7831,18454.5855,18705.165,18130.1219,17366.4214,17765.7631,18437.506,18959.3083
 Iraq,16776.6294,16141.7702,16349.8708,18027.875,17151.7954,17032.5322,17394.69,14819.1234,14599.8937,15164.8263
 Ireland,64670.1068,69884.8809,86113.9401,86585.7443,93366.2542,99687.7086,103257.3995,108580.0636,123581.2328,133745.9085
 Isle of Man,90343.6823,95064.6453,94856.1667,101337.4356,103631.3514,105223.9419,104847.2059,95112.564,86113.506,74083.8641
 Israel,51069.1566,52211.3583,52648.0679,54106.691,55452.4298,56707.6944,58026.3187,55958.8112,59738.5593,62760.7896
 Italy,40533.048,40410.0891,40732.9384,41277.5961,41976.7743,42370.8565,42582.2538,38812.8285,42118.4729,43730.3088
 Jamaica,12740.5844,12595.5038,12494.6028,12475.6373,12429.7151,12501.8718,12468.0863,11101.9199,11492.8335,12005.3579
 Japan,39296.7193,39417.9578,40040.4785,40359.3446,41060.6157,41361.1284,41242.1739,39548.572,40488.3085,41006.3132
 Jordan,18353.7692,16732.5652,15487.368,14885.8612,14724.4178,14524.1759,14335.1309,13771.3811,13888.8181,13954.437
 Kazakhstan,29865.0875,30754.8198,30816.3651,30899.8691,31944.975,33068.3107,34400.4673,33409.6941,34753.4505,35776.3908
 Kenya,7204.9412,7336.0269,7472.5388,7557.4849,7616.0671,7814.1751,7979.3482,7728.2826,8078.2376,8231.2153
 Kiribati,3098.3147,3007.0724,3240.42,3159.6615,3100.8173,3194.224,3064.2257,2951.8807,3118.5382,3109.2043
 Korea,39929.5719,40738.7565,41668.6324,42384.4492,43225.2414,44014.4972,44556.544,43867.0089,45450.0604,46400.4462
 Kosovo,9106.429,9543.5975,10199.2491,10799.8243,11429.5575,11974.8539,12738.2283,12187.2623,13571.0556,14296.1601
 Kuwait,67628.4973,65761.2585,63419.8004,62837.7703,58669.0857,57104.1618,55007.5935,51103.8049,53117.3848,57468.3474
 Kyrgyzstan,6785.1556,6944.1793,7092.7523,7276.4702,7506.3508,7687.1311,7948.7522,7292.4131,7595.2219,7965.6343
 Lao PDR,9031.3944,9468.8389,9910.3752,10355.0318,10805.5119,11207.1442,11536.0908,11319.989,11344.4862,11401.7544
 Latin America,20330.6,20259,19945.5,19496.2,19458.8,19437.8,19228.1,17693.7,18708.3,19210.2
 Latvia,26010.4698,26777.2063,28133.8,29158.323,30518.2932,32151.8939,32722.7905,31919.4314,34527.686,36181.8057
 Lebanon,17819.3421,16432.002,16218.1685,17015.0838,17795.7379,18155.6384,17628.6667,14219.6882,13348.5789,13577.1098
 Lesotho,4094.2545,4095.8805,4152.3666,4225.7768,4017.8327,3886.0699,3763.5936,3423.6691,3432.7609,3423.8752
 Liberia,2966.9273,2934.8948,2878.367,2777.2449,2790.7488,2764.8402,2636.2393,2493.8205,2549.5633,2599.0251
 Libya,37530.2306,28244.6266,27488.3384,26583.3638,34505.2438,36437.0569,31693.5605,21818.0882,28113.7849,27239.7336
 Liechtenstein,147053.9158,149755.605,148185.4631,149988.5389,153093.2214,152924.4334,152031.923,149548.7364,149061.3172,151933.1295
 Lithuania,30184.1318,31487.3376,32388.142,33489.1401,35224.152,36942.649,38985.5375,39351.2837,42361.1709,44056.3052
 Luxembourg,126252.2192,126096.4989,125517.5433,128135.9719,126526.092,125300.311,126182.7808,122742.4036,129515.1613,129459.5115
 MENA,24302.6,24506.8,24831.5,25324.3,25597.8,25702.4,25474.2,24577.6,25693.5,26733.8
 Macao,166805.9025,160221.1242,123327.4703,120102.7915,129360.7625,134935.6684,128903.9005,57741.4123,70212.391,54468.1213
 Madagascar,2727.8422,2723.6416,2713.6727,2726.1799,2737.6894,2731.2378,2758.6116,2480.6018,2543.191,2561.1746
 Malawi,2796.3689,2866.7004,2857.0623,2836.356,2854.3661,2880.7772,2934.2775,2856.076,2834.6552,2763.2184
 Malaysia,29685.3068,30654.1734,31427.5875,32064.7716,33179.0314,34063.3975,34855.9958,32316.2869,32782.2583,35009.4237
 Maldives,22689.0267,23110.874,22652.0189,22860.1655,23283.345,24192.6701,25025.8931,16391.2037,22202.1366,25148.8768
 Mali,3954.7447,4114.2249,4245.1187,4362.4912,4454.535,4523.7027,4592.3439,4389.368,4373.2207,4386.7332
 Malta,37297.9918,39144.1449,41762.4608,41953.5191,45156.5327,47111.9682,49054.146,43934.3546,48176.5418,50858.0482
 Marshall Islands,6501.1402,6537.4625,6739.7304,6977.0151,7339.8534,7918.7052,8549.0839,8488.9564,8671.6426,8643.537
 Mauritania,9284.0195,9403.0957,9619.3915,9452.5801,9745.4174,9903.5828,9905.3085,9571.5915,9352.9751,9639.0746
 Mauritius,22311.0033,22926.9324,23552.353,24252.8621,25008.6122,25833.8386,26386.2606,22360.6727,22951.6819,24819.9374
 Mexico,27086.2924,27154.4445,27301.7528,27230.3125,27213.936,27253.0779,26722.3265,24060.6083,25150.3715,25762.4136
 Micronesia,5421.9357,5314.7148,5433.5179,5431.5537,5461.5593,5402.7673,5335.7119,5110.7716,4930.1962,4802.7232
 Middle Africa,6265.1,6388.9,6310.8,6022.4,5848.8,5715.3,5613.7,5298.1,5264.1,5322.3
 Middle East,27084.5,27340.9,27631.6,28198.7,28341.3,28400.4,28176.1,27507.9,28738.6,30070.6
 Moldova,9197.0886,9851.6841,9996.9194,10641.4248,11260.1204,11889.0866,12471.0074,11561.4894,13316.2955,11834.9372
 Monaco,192558.3553,202036.686,207674.9067,211966.8932,205879.6641,218020.1006,233501.1993,203872.4777,250374.6198,280426.7346
 Mongolia,14299.9906,15135.4997,15213.3138,15173.3664,15772.6697,16737.04,17408.423,16366.9486,16407.0435,17017.4268
 Montenegro,19617.2564,19896.4329,20516.6641,21084.2445,22060.186,23172.0066,24115.7424,20436.6927,23101.0817,24556.6711
 Montserrat,54520.2744,54852.8367,55038.639,55151.6933,56346.1369,61723.5906,63097.2358,71220.7159,75677.444,77386.0389
 Morocco,10213.0126,10294.697,10553.7218,10428.5744,10773.2382,10928.5299,11078.5987,10132.2796,10784.4117,10763.5942
 Mozambique,2295.3857,2391.5323,2482.6835,2507.5175,2482.28,2482.9223,2457.0316,2345.792,2323.5325,2349.168
 Myanmar,4992.3881,5309.6564,5599.4601,5855.7431,6133.576,6437.2226,6777.8392,6089.7452,5293.7489,5438.5244
 Namibia,16587.478,17158.0613,17462.532,17074.4088,16531.2568,16346.5163,15862.9301,14270.4163,14503.2257,15378.8023
 Nauru,15137.5636,17148.9808,15890.0093,16823.9178,15412.4279,16298.0069,17333.4876,17780.6828,18052.1827,18150.0701
 Nepal,4737.0118,4951.898,5061.9769,4976.5713,5294.2943,5561.9482,5789.5037,5469.6902,5512.6371,5647.8362
 Netherlands,58102.1285,58286.9024,58966.7528,59756.63,61249.3431,62234.1506,62968.9699,59865.8551,64511.5736,66890.56
 New Caledonia,2972235.2007,2962060.2209,2942845.9909,2908683.7478,2934615.8552,3032889.865,2970786.4224,2871744.253,2781709.0819,2843156.7347
 New Zealand,44222.3571,44917.6959,46235.1103,47499.4229,49099.1471,49668.3103,49406.3514,47887.5102,49537.8751,50273.9158
 Nicaragua,7969.2853,8138.7521,8317.4253,8486.1197,8669.8223,8186.8434,7773.0692,7471.4985,8067.6136,8187.3355
 Niger,2306.5796,2373.1508,2386.3906,2427.9159,2454.3839,2534.4145,2586.2553,2580.8545,2521.5845,2707.7021
 Nigeria,9867.7239,10218.666,10224.0635,9803.4128,9624.4126,9554.3045,9512.1447,9092.6905,9172.6918,9212.8895
 North Africa,13607.3,13483.2,13660,13798.5,14186.7,14429.3,14502,13854.8,14236.1,14522.1
 North America,63418.8,64234.6,65815.6,66057,67106.2,68390.1,69276.2,66629.6,70227.5,71110.1
 North America & Oceania,65505.1,66289.4,67699.8,67879.8,68930.3,70213.7,70999.3,68304.5,71608.9,72624.2
 North Korea,2714.5008,2711.0408,2649.8321,2722.6476,2601.7278,2471.1195,2458.989,2329.534,2311.9487,2293.6573
 North Macedonia,15720.9836,16178.7529,16694.0503,17068.6627,17161.4363,17568.0909,18174.4048,17026.5205,17973.4753,18387.6857
 Norway,69617.4785,70044.9408,70431.3971,70457.2146,71460.5627,71367.3092,71428.7667,69827.0806,70119.6649,71790.6909
 Oceania,76155.8,76321.5,75552.7,74893.4,75450.2,76195.3,75647.2,72654.4,72384.2,74208.1
 Oceania (excl. Australia and New Zealand),153120.5,151480.6,149421.3,146906.8,147120.8,147834.5,144654,135025.1,131062.5,133152.5
 Oman,43550.8728,41741.9245,41811.1522,41629.555,40451.013,40792.8036,40971.0564,41146.9682,43481.3107,45077.5596
 Other East Asia,35730.7,36541.1,36855.6,37373,38214.4,38938.6,39353.4,38581.6,40395.5,40870
 Other Latin America,14167.1,14240.9,14216.4,14015.3,13928.4,13894.8,13721.5,12375.6,13272.7,13688.4
 Other MENA,26185.2,26288.7,26400.5,27026.4,26890.3,26777.8,26287.4,24763.1,25573.7,26616.1
 Other North America & Oceania,151950.3,150349.5,148340.6,145895.3,146148.5,146869.6,143760,134227.7,130348.8,132447
 Other Russia & Central Asia,13290.1,12971.5,12496.1,12547.7,12874.9,13291.4,13735.8,13266.3,13816.4,13085.6
 Other South & South-East Asia,10307.1,10577.6,10891.3,11272.5,11683.8,12104.2,12405.6,11779,11990.2,12375.7
 Other Sub-Saharan Africa,5933.1,6093.3,6113.7,6035.4,6025.1,6028,6039.3,5800.4,5857.9,5901.2
 Other Western Europe,51910.6,52569.8,53861.2,54566.6,55870.6,57073.4,57959.1,55578.3,59205,61579.1
 Pakistan,7253.7523,7421.3142,7611.1702,7993.0574,8207.7865,8536.6013,8560.2424,8250.611,8563.0924,8724.0731
 Palau,18956.7986,20034.462,21018.9981,20745.5341,20135.8089,20337.5985,19959.0067,18101.8847,16082.509,15698.4101
 Palestine,10530.1985,10157.7474,10186.4238,10726.5922,10556.7042,10398.1269,10259.4288,8844.5716,9192.2307,9273.1189
 Panama,36221.7848,37229.8696,38507.2137,39530.2746,40826.8069,41414.6223,41868.4321,33798.7623,38454.797,41857.1999
 Papua New Guinea,5414.8506,5952.5973,6146.8978,6287.2226,6315.5455,6113.9543,6204.5638,5840.8955,5640.4444,5778.0689
 Paraguay,17895.4793,18389.3314,18487.1256,18833.3186,19299.681,19492.2969,19017.0171,18485.8407,18882.0928,18603.9547
 Peru,16003.884,16110.1705,16348.0019,16685.3767,16762.9774,16989.3717,16926.412,14785.7432,16487.3702,16694.2432
 Philippines,10009.6272,10394.5055,10789.2048,11272.7949,11757.4187,12206.0631,12651.5175,11181.7294,11574.1655,12203.5193
 Poland,27156.488,28125.0414,29307.443,30140.9842,31668.7332,33561.1169,35083.9123,34443.4213,36969.5507,37467.3004
 Portugal,32154.8032,32513.5482,33171.0628,33888.4298,35095.7988,36085.2662,36969.6542,33783.9648,35659.1721,38066.9049
 Puerto Rico,38702.3573,38451.7885,38260.5374,37740.5407,36669.3572,36313.5318,35845.5187,35173.6817,35827.5461,36874.7124
 Qatar,115631.1551,111485.6866,106069.3282,101216.0425,95337.675,94649.8527,94632.8051,93469.4845,97807.335,102171.3675
 Romania,24127.7739,25188.6808,26094.7966,26998.601,29379.4922,31313.7421,32662.256,31600.3487,33624.4995,34621.1717
 Russia & Central Asia,21729.6,21927.9,21118.4,20605.7,20984.2,21595.8,22143.4,21525.8,22702.3,22181.7
 Russian Federation,28911.2676,29615.4789,28464.7512,27534.8499,27988.8958,28816.6229,29496.2741,28788.296,30570.4441,30070.2701
 Rwanda,2996.6325,3091.4374,3268.9674,3362.6441,3392.0079,3575.9913,3802.6203,3565.2485,3832.7146,4019.5398
 Saint Kitts and Nevis,32125.7547,34301.7531,34303.4093,35394.4872,35133.4914,35593.2279,36780.0666,31235.7956,30800.9017,33357.6923
 Saint Lucia,17812.1286,17741.7438,17463.4519,17777.9599,18117.8826,18398.9631,18057.5578,13498.1454,15005.5245,17264.8283
 Saint Vincent and the Grenadines,15560.9862,15665.6471,16022.6101,16629.183,16824.5533,17283.7785,17345.8016,16650.4775,16757.4391,17592.6211
 Samoa,9519.5112,9442.5029,9665.1285,10283.1911,10274.7501,10067.5927,10366.5613,9873.0343,8991.056,8369.4175
 San Marino,60967.2287,60412.5346,61438.9522,62282.6644,61858.7924,62371.5767,63359.5859,59215.8255,64455.0749,67562.4442
 Sao Tome and Principe,5589.2109,5752.4999,5731.7804,5916.8673,6046.5764,6193.4956,6196.2905,6207.8523,6158.1003,6001.7628
 Saudi Arabia,71261.003,72089.4452,73237.603,72528.1074,70267.5065,70225.6704,68917.6988,65580.5898,68532.3225,73286.5732
 Senegal,5217.0314,5385.5564,5563.5457,5742.5856,5982.0218,6159.6334,6244.7003,6129.9544,6327.4794,6389.8138
 Serbia,15546.2695,15320.9069,15623.3026,16172.3484,16551.6706,17376.532,18241.0166,18200.9342,19777.0797,20488.9852
 Seychelles,28937.3739,29503.2377,30161.4406,31137.3768,31496.6436,32220.061,33340.0748,30388.5854,31739.7178,34398.1913
 Sierra Leone,3506.8527,3555.9787,2742.3309,2826.6919,2841.4043,2849.0667,2905.5862,2760.404,2786.0499,2795.2059
 Singapore,91066.695,92088.5285,92858.1441,94465.6147,97139.4081,99060.8129,98947.917,93922.7108,101258.8546,104005.8212
 Sint Maarten (Dutch part),63936.3028,61570.1784,58638.6025,56250.8463,49944.7323,44965.1795,48103.2296,40302.3142,40945.7477,43925.7785
 Slovakia,29757.9951,30435.9237,31921.1726,32475.3523,33372.8269,34678.8171,35518.9447,34329.4858,36063.151,35490.5992
 Slovenia,34179.1682,35102.2683,35809.3747,36829.7378,38476.3747,40067.2442,41352.5324,39505.013,42721.2918,43776.0748
 Solomon Islands,4541.1784,4468.2813,4416.1795,4530.6571,4539.746,4534.5935,4484.831,4210.5961,4067.6151,3796.9663
 Somalia,2295.552,2506.9161,2841.3743,3063.5393,3218.1739,3234.3252,3079.8224,2814.2242,2781.421,2675.6943
 South & South-East Asia,9015.7,9348.5,9707.2,10150.8,10558.9,10971.7,11231.5,10565.9,11027.1,11524.8
 South Africa,20380.4,20127.1,19958.2,19748.3,19620.7,19600.8,19392.8,17978.5,18692.3,18949.4
 South Africa,21130.8567,20801.3066,20657.8841,20397.6968,20267.4762,20241.3897,20023.7489,18606.8304,19310.0216,19540.621
 South America,19801.2,19629.2,19080.3,18408,18331.9,18258.2,18078.6,16811.3,17821.4,18293.8
 South Asia,7557.6,7898.3,8230.8,8704.2,9051.9,9360.8,9480.7,8935,9470.2,9897.9
 South Sudan,2452.8636,2543.0169,2315.4612,2241.0337,2345.4579,2581.0439,2868.661,2702.1381,2570.4296,1418.8398
 South-East Asia,14068.3,14416.4,14732.8,15220.7,15788.3,16371.6,16894.5,16063.7,16379.5,17097.3
 Spain,37517.1662,38201.9505,39758.7514,40896.7069,41995.9446,42737.0142,43214.3407,38121.8568,40356.8541,42504.2453
 Sri Lanka,14252.7751,15040.3366,15551.1738,16215.0602,17140.9162,17418.4035,17262.1361,16346.8585,16797.827,15364.7106
 Sub-Saharan Africa,7067.5,7181.3,7179.3,7076.1,7044.4,7031.8,7010.7,6673.9,6756.7,6792.6
 Sudan,8561.1479,8677.948,8524.7418,8505.2769,8240.7921,7723.1064,7307.6878,6824.6404,6493.5425,6241.5384
 Suriname,27323.2524,27030.3702,25748.5216,24125.574,24128.7559,24919.0327,24778.1584,20458.0795,19657.463,19872.862
 Swaziland,13467.4237,13322.6627,13373.233,13290.1602,13331.1184,13416.0242,13536.3238,13082.4344,14235.2747,14123.7035
 Sweden,51067.9736,53033.3044,55963.3335,56461.4448,57631.0705,58460.4805,59556.8891,57764.9857,60805.087,62021.1065
 Switzerland,71364.623,72377.5055,72645.1771,73291.2068,73561.1655,75068.3602,75341.5072,73146.1429,76589.2781,78091.8291
 Syrian Arab Republic,6864.1976,6847.7015,7029.2293,6688.5275,6587.3229,6431.5217,6064.3487,5690.7829,5475.2572,5080.3825
 Taiwan,50667.4214,52412.1851,52633.789,53244.9223,54500.1326,55529.6621,56773.7381,58284.5218,61772.127,63062.2409
 Tajikistan,4441.5665,4610.9489,4754.4592,4948.352,5165.3047,5415.7669,5668.094,5772.8257,6158.6872,6491.206
 Tanzania,4133.6823,4281.4417,4402.3706,4546.5577,4687.5539,4779.4487,4888.3335,4818.5841,4857.0751,4907.8984
 Thailand,17703.542,17676.7412,18026.4655,18429.9808,18986.4003,19599.2402,19853.2022,18511.6732,18666.9072,19041.7567
 Timor-Leste,5504.289,5591.3325,5602.851,5657.1714,5347.0872,5176.7961,6223.1503,7988.7584,8172.1387,6312.1571
 Togo,3212.9562,3300.6332,3386.062,3433.2583,3474.7016,3543.0039,3615.8373,3591.8099,3700.8293,3806.5947
 Tonga,8831.728,9004.2727,9123.7166,9728.7594,10042.7314,10045.7033,10078.9185,10020.5296,9601.7983,9280.3967
 Trinidad and Tobago,35323.9614,36313.7265,35698.1019,32729.6276,30896.0718,30076.1421,29788.2167,27049.5179,26558.6177,26776.7171
 Tunisia,13288.3446,13506.3503,13462.3265,13454.9305,13611.5142,13835.5072,13933.3456,12598.1928,13053.0111,13272.7073
 Turkey,31472.0131,32133.5031,33194.6426,33490.865,35317.5908,35866.5006,35665.2699,35853.8086,39444.4883,41148.7924
 Turkmenistan,15773.3269,17006.3854,17732.2463,18464.6628,19308.3989,20158.7753,21088.7925,20058.6639,20646.0097,20693.5489
 Turks and Caicos Islands,27716.9233,28680.2383,30249.0082,30654.7496,28434.1704,28603.0732,28803.2029,20421.3489,21779.9965,22796.2584
 Tuvalu,5181.2007,5150.3745,5659.3746,5964.8336,6102.3467,6144.0382,6917.5433,6546.8921,6580.6681,6574.3259
 US Virgin Islands,42690.2413,41926.2365,41771.8033,42498.3507,42290.138,43244.2197,44701.9183,44063.4689,45569.2273,45517.4008
 USA,64973.3751,65788.3228,67586.7073,67864.7005,68952.1836,70324.0973,71305.8549,68773.2688,72559.7981,73434.4307
 Uganda,4476.0021,4529.7939,4571.1778,4570.4202,4483.5135,4542.9607,4610.1792,4529.9483,4486.1564,4503.5955
 Ukraine,13978.6652,12617.1529,11425.8296,11737.3202,12057.7754,12534.6046,13003.5741,12606.0419,13165.4667,10227.2726
 United Arab Emirates,67966.6865,69785.8137,73439.3957,76383.1444,75819.0066,75732.1849,75576.0683,71047.198,73528.1798,78877.8634
 United Kingdom,42848.9292,43411.0088,44038.7834,44565.5672,45432.8632,45774.0893,46235.0762,41231.9558,44629.936,46365.038
 Uruguay,26776.4458,27446.6535,27343.2413,27598.3349,27876.3308,27733.0452,27770.8344,25871.6979,27112.4393,28326.8427
 Uzbekistan,8119.7235,8474.6055,8883.7305,9215.7898,9442.9214,9837.0567,10278.8374,10348.6289,10974.9696,11444.0177
 Vanuatu,4892.7807,4921.5763,4820.8045,4925.1222,5109.8283,5134.125,5178.0423,4803.6175,4716.8165,4683.7485
 Venezuela,11464.2204,10819.8242,9974.8994,8178.1317,6924.016,5717.3613,4269.4046,3039.4523,3094.5651,3309.4537
 Viet Nam,9133.5759,9546.7852,10048.2254,10564.8259,11149.3623,11836.3638,12562.2748,12772.74,12954.6297,13845.9009
 West Africa,7494.9,7730.1,7760.7,7591.8,7594.4,7623.4,7669.5,7400.8,7499.3,7568.8
 West Asia,28930.4,29271.9,29090.8,29035,29363.6,29863,30058.1,29024.6,30646.3,31256.5
 Western Europe,45990.4,46547,47385.5,48092.2,49144.2,49796.9,50357.6,46894,49741.9,51377.2
 World,19959.9,20378.1,20765.2,21115.2,21620,22117.7,22453.7,21551.4,22645.5,23131.8
 Yemen,3332.2932,3190.8442,2209.2627,1930.697,1770.6749,1725.9558,1695.3621,1664.2303,1602.4364,1581.0757
 Zambia,6635.9845,6681.3166,6612.7935,6600.864,6572.7316,6580.0378,6424.7422,6016.5623,6166.5135,6269.8283
 Zanzibar,4017.1367,4138.3444,4258.446,4370.2343,4558.4624,4732.7864,4890.6945,4837.0183,4924.6492,5066.5787
 Zimbabwe,4356.7318,4322.5549,4308.9834,4244.2334,4306.1207,4401.9729,4009.422,3588.5692,3779.9048,3912.156
